시설명,시설주소,X,Y,현인원,사고건수
송파구방이복지관,서울특별시 송파구 백제고분로37길 4,127.1040208,37.5043302,160.0,23.0
서울시각장애인복지관,서울특별시 송파구 삼학사로19길 27,127.0940727,37.506119,0.0,34.0
서울시립발달장애인복지관,서울특별시 동작구 여의대방로20길 33,126.919139,37.4926778,752.0,13.0
청음복지관,서울특별시 강남구 봉은사로50길 6,127.0423581,37.5094055,345.0,47.0
마포장애인종합복지관,서울특별시 마포구 성산로4길 35,126.9084724,37.5637867,3743.0,24.0
다운복지관,서울특별시 노원구 화랑로478,127.0802914,37.6189569,414.0,47.0
원광장애인종합복지관,서울특별시 중랑구 신내로 56,127.0960164,37.6041991,645.0,25.0
성프란치스꼬장애인종합복지관,서울특별시 구로구 남부순환로105라길 25-10,126.8905209,37.4815694,700.0,60.0
성모자애복지관,서울특별시 강남구 헌릉로757길 35,127.1194761,37.4700435,300.0,0.0
대린원,서울특별시 노원구 동일로248길 30,127.056858,37.6805716,31.0,13.0
동천의집,서울특별시 노원구 노원로 18길 41,127.0733277,37.6444026,64.0,11.0
삼성농아원,서울특별시 동작구 양녕로30길 19-4,126.9459305,37.4991197,28.0,13.0
다니엘복지원,서울특별시 서초구 헌릉로468길 21-16,127.0920332,37.4604236,70.0,1.0
늘편한집,서울특별시 노원구 중계로 163,127.0806551,37.6498375,39.0,13.0
임마누엘집,서울특별시 송파구 양산로10길 26,127.1466799,37.491467,51.0,24.0
임마누엘보호작업시설,서울특별시 송파구 양산로10길 26,127.1466799,37.491467,40.0,24.0
아름해든집,서울특별시 강동구 고덕로 295-45,127.158743,37.5576717,35.0,4.0
신아재활원,서울특별시 송파구 양산로8길 17,127.1456026,37.4915007,125.0,39.0
우성원,서울특별시 강동구 고덕로 295-45,127.158743,37.5576717,74.0,4.0
영락애니아의집,서울특별시 용산구 후암로4길 70,126.9812806,37.5484973,30.0,6.0
사랑의집,서울특별시 은평구 역말로10길 30-1,126.9238158,37.609228,16.0,28.0
암사재활원,서울특별시 강동구 올림픽로 864,127.1312229,37.5581328,48.0,5.0
은평재활원,서울특별시 은평구 갈현로11길 30,126.9068159,37.6056774,50.0,5.0
오틸리아 공동생활가정,서울특별시 강남구 학동로26길 15,127.0298363,37.5124151,4.0,62.0
새빛바울의집,서울특별시 서초구 방배중앙로 99,126.9882943,37.4881753,24.0,12.0
바르티매오공동생활가정,서울특별시 은평구 불광로9가길 4,126.9314643,37.6165372,4.0,7.0
동천하우스5,서울특별시 중랑구 동일로104길 3,127.0804411,37.5900779,4.0,44.0
교남소망의집,서울특별시 강서구 까치산로22길 38,126.852497,37.5481283,57.0,8.0
베데스다의 집,서울특별시 노원구 중계로8길 39,127.0844745,37.6469662,4.0,2.0
베데스다장애인주간보호센터,서울특별시 노원구 공릉로58마길 27,127.0776514,37.6364237,17.0,7.0
아름다운,서울특별시 중랑구 망우로55길 32,127.093894,37.5989253,31.0,71.0
신망애의집,서울특별시 서초구 남부순환로342길 56-58,127.0243553,37.479034,10.0,4.0
강북구립장애인보호작업장,서울특별시 강북구 오현로 199-9,127.0394969,37.6294006,30.0,25.0
용산구립장애인보호작업장,서울특별시 용산구 한강대로 331,126.9714924,37.5479007,31.0,19.0
다니엘의집1호,서울특별시 서초구 염곡안길 19-0,127.0515361,37.4623343,4.0,0.0
다니엘의집2호,서울특별시 서초구 염곡안길 19-0302호,127.0515361,37.4623343,4.0,0.0
다니엘주간보호센터,서울특별시 서초구 헌릉로468길 21-16,127.0920332,37.4604236,12.0,1.0
다니엘단기보호센터,서울특별시 서초구 헌릉로468길 21-16,127.0920332,37.4604236,11.0,1.0
사랑나눔주간보호시설,서울특별시 송파구 마천로51길 28,127.1525802,37.4969049,10.0,19.0
다니엘직업재활원,서울특별시 서초구 헌릉로468길 21-16,127.0920332,37.4604236,45.0,1.0
동천,서울특별시 노원구 노원로18길 41,127.0733277,37.6444026,45.0,11.0
노원교육복지재단(다모인),서울특별시 노원구 노원로 311,127.0696568,37.6434538,69.0,16.0
영등포구 장애인사랑나눔의 집,서울특별시 영등포구 신길로 55,126.9079979,37.4975468,300.0,34.0
원광보호작업장,서울특별시 중랑구 신내로 56,127.0960164,37.6041991,46.0,25.0
참좋은센터,서울특별시 중랑구 봉화산로56길 99-15,127.0982578,37.6043463,30.0,17.0
신아보호작업장,서울특별시 송파구 양산로8길 17,127.1456026,37.4915007,65.0,39.0
늘푸른나무복지관,서울특별시 강서구 허준로5길 37 -0,126.8511459,37.5685604,500.0,15.0
조은세상,서울특별시 중랑구 동일로140길 31-21,127.0807549,37.6046288,30.0,28.0
서울시립북부장애인종합복지관,서울특별시 노원구 덕릉로70가길 92,127.0567606,37.6423379,969.0,18.0
서울시립남부장애인종합복지관,서울특별시 동작구 신대방2동395,126.9225483,37.4947412,808.0,20.0
금천장애인종합복지관,서울특별시 금천구 시흥대로101길 17,126.8963287,37.4639728,227.0,20.0
볕바라기주간보호센터,서울특별시 금천구 금하로18길 8-1,126.9050371,37.4522511,10.0,37.0
데일리스보호작업시설,서울특별시 동대문구 천호대로83길 14,127.0647607,37.5628156,21.0,53.0
북서울장애인보호작업시설,서울특별시 강북구 한천로115길 20,127.0362166,37.6330865,32.0,17.0
소망의집,서울특별시 강북구 인수봉로64길 30,127.0145604,37.6396391,4.0,0.0
삼성떡프린스,서울특별시 동작구 양녕로30길 19-4,126.9459305,37.4991197,30.0,13.0
더홈,서울특별시 노원구 중계로 163-0,127.0806551,37.6498375,36.0,13.0
서울특별시립평화로운집,서울특별시 은평구 갈현로 15길 27-1,126.9055021,37.6074247,145.0,1.0
주몽재활원,서울특별시 강동구 상암로 369-0,127.1636346,37.5461957,42.0,0.0
소망제이앤피,서울특별시 강남구 언주로167길 35,127.0302672,37.5263754,30.0,51.0
다움장애아동지원센터,서울특별시 은평구 갈현로11길 30,126.9068159,37.6056774,43.0,5.0
보담터,서울특별시 노원구 중계로 163-0,127.0806551,37.6498375,20.0,13.0
시립서대문농아인복지관,서울특별시 서대문구 수색로4가길 23,126.9138435,37.5707241,329.0,22.0
승가원행복마을,서울특별시 성북구 개운사길 76-1,127.0296908,37.5899912,53.0,1.0
라온클린패밀리,서울특별시 강동구 고덕로 295-45,127.158743,37.5576717,26.0,4.0
용산구립장애인주간보호센터,서울특별시 용산구 한강대로 331,126.9714924,37.5479007,11.0,19.0
두레네집공동생활가정,서울특별시 관악구 법원단지길 97-3,126.9222396,37.4748079,4.0,3.0
중랑구립직업재활센터,서울특별시 중랑구 숙선옹주로9길 55,127.0836951,37.6173314,43.0,14.0
송파인성장애인복지관,서울특별시 송파구 마천로61길 26,127.1552472,37.4940144,0.0,14.0
사랑의복지관,서울특별시 서초구 강남대로 65길 19,127.023991,37.4998664,237.0,88.0
성북장애인복지관,서울특별시 성북구 화랑로 130,127.0456371,37.6045114,280.0,34.0
한빛맹아원,서울특별시 강북구 삼양로73가길 47,127.0156963,37.6280885,48.0,23.0
하누리주간보호센터,서울특별시 금천구 시흥대로2길57,126.9064263,37.4352308,15.0,14.0
헬렌켈러의집단기거주시설,서울특별시 강북구 삼양로91가길 8,127.0158309,37.6365179,10.0,28.0
헬렌켈러의집주간보호,서울특별시 강북구 삼양로80길 7,127.0182702,37.6309698,11.0,27.0
다니엘사랑이용센터,서울특별시 서초구 헌릉로468길 21-16,127.0920332,37.4604236,10.0,1.0
다니엘의집3호,서울특별시 서초구 신반포로43길 15,127.0175915,37.5108408,4.0,33.0
다솜장애인공동생활가정,서울특별시 서대문구 가재울로6길 16,126.9226544,37.5751792,4.0,0.0
아이티장애인공동생활가정,서울특별시 서대문구 연희로41길 61-061,126.9349338,37.5912308,4.0,0.0
다솜장애인주간보호센터,서울특별시 서대문구 증가로4길 53,126.9278661,37.5779043,15.0,34.0
신목장애인주간보호시설,서울특별시 양천구 신목로 5,126.8765544,37.5169375,20.0,5.0
디딤자리,서울특별시 강북구 덕릉로12길 13,127.016327,37.6333743,29.0,30.0
너울자리,서울특별시 강동구 동남로85길 15,127.155887,37.5612551,4.0,7.0
보금자리,서울특별시 강동구 동남로85길 15,127.155887,37.5612551,3.0,7.0
하늘자리공동생활가정,서울특별시 강동구 동남로85길 15,127.155887,37.5612551,4.0,7.0
주바라기해피홈,서울특별시 도봉구 도봉로169가길 45,127.0432135,37.6819403,20.0,13.0
동천하우스1,서울특별시 노원구 동일로237바길 8,127.0507112,37.6737424,4.0,0.0
동천하우스2,서울특별시 노원구 한글비석로24바길 98,127.0698954,37.6667196,4.0,7.0
해맑음보호작업시설,서울특별시 노원구 동일로 1097,127.0713157,37.6277729,30.0,35.0
강북구수어통역센터,서울특별시 강북구 도봉로 388,127.0296304,37.6413292,7115.0,80.0
그루터기공동생활가정,서울특별시 노원구 동일로191가길 26-0,127.0714704,37.6263103,4.0,41.0
관악구수어통역센터,서울특별시 관악구 쑥고개로 128,126.9506799,37.4786933,100.0,41.0
도봉구수어통역센터,서울특별시 도봉구 마들로13길 153,127.0461954,37.6571,0.0,4.0
동천하우스4,서울특별시 도봉구 도봉로137길 46,127.0400411,37.6609825,4.0,0.0
동천하우스3,서울특별시 도봉구 시루봉로23길 64,127.0414387,37.673291,4.0,17.0
서울특별시수어통역센터지원본부,서울특별시 서대문구 경기대로 15,126.9617095,37.5608278,243.0,21.0
인강원,서울특별시 도봉구 평화로15번길 9-25,127.0424217,37.6946661,22.0,6.0
가브리엘작업장,서울특별시 노원구 한글비석로24라길 94-13,127.0697615,37.6664415,20.0,7.0
가브리엘주간보호센터,서울특별시 노원구 한글비석로24라길 94-13,127.0697615,37.6664415,11.0,7.0
더해봄(종로구립장애인근로사업장),서울특별시 종로구 대학로3길 14,127.0014566,37.5741595,44.0,31.0
발달장애인단기거주시설 동천휴,서울특별시 노원구 노원로18길 41,127.0733277,37.6444026,10.0,11.0
동천발달장애인주간활동센터,서울특별시 노원구 노원로18길 41,127.0733277,37.6444026,19.0,11.0
섬김주간보호센터,서울특별시 노원구 덕릉로70가길 92,127.0567606,37.6423379,13.0,18.0
북부장애인직업재활시설,서울특별시 노원구 덕릉로70가길 92,127.0567606,37.6423379,40.0,18.0
대린직업훈련원,서울특별시 노원구 동일로248길 30,127.056858,37.6805716,32.0,13.0
위드주간보호센터,서울특별시 은평구 갈현로15길 11-13,126.9093658,37.606781,13.0,9.0
시온공동생활가정,서울특별시 은평구 갈현로15길 24-5,126.9080992,37.6082337,4.0,0.0
은평공동생활가정,서울특별시 은평구 증산로19길 28-8,126.9118447,37.5956496,4.0,0.0
꽃새암,서울특별시 관악구 봉천로13길 29-28,126.930424,37.4905133,3.0,30.0
꽃가람,서울특별시 관악구 국회단지21길 13,126.9414897,37.4901182,2.0,4.0
소망그룹홈,서울특별시 강동구 양재대로91나길 37,127.1319931,37.5269847,4.0,0.0
동안제일복지센터,서울특별시 송파구 거마로 79,127.147163,37.4999769,30.0,37.0
강동그룹홈,서울특별시 강동구 양재대로 1414-8,127.1385882,37.5320875,4.0,0.0
송파그룹홈,서울특별시 송파구 토성로5길 16-1,127.1140518,37.53188,4.0,0.0
동안우리복지센터,서울특별시 강동구 풍성로 146,127.1281397,37.5309622,33.0,9.0
해피죤,서울특별시 강동구 상암로 195,127.1441853,37.5466712,15.0,25.0
바오로교실주간보호센터,서울특별시 은평구 증산로5길 7,126.9071062,37.5826129,12.0,15.0
바오로교실보호작업장,서울특별시 은평구 증산로5길 7,126.9071062,37.5826129,29.0,15.0
열림일터,서울특별시 강서구 까치산로 136,126.8516154,37.5494727,43.0,15.0
아람마을,서울특별시 노원구 월계로 338-16,127.0581609,37.6287564,30.0,20.0
은평구립직업재활센터,서울특별시 은평구 녹번로1길 13,126.9265456,37.6047646,30.0,20.0
불광작은예수의집,서울특별시 은평구 연서로37길 21-5,126.9261454,37.6233594,10.0,8.0
성북구수어통역센터,서울특별시 성북구 아리랑로4길 22,127.0173155,37.5948465,6707.0,54.0
아이비주간보호시설,서울특별시 강동구 천중로 87,127.1317047,37.5448114,10.0,24.0
아이비장애인단기보호시설,서울특별시 강동구 구천면로39길 12,127.1318737,37.5457138,10.0,31.0
파란마음복지센터,서울특별시 강동구 진황도로 100,127.1372969,37.5355811,31.0,59.0
함께사는세상,서울특별시 관악구 국회단지길 67,126.9413355,37.4886661,25.0,6.0
한벗둥지,서울특별시 마포구 월드컵북로12길 98,126.9151283,37.5654188,10.0,14.0
사랑샘,서울특별시 노원구 중계로 163,127.0806551,37.6498375,10.0,13.0
하은장애인주간보호시설,서울특별시 양천구 신목로 20,126.875095,37.518164,11.0,10.0
기쁨이 싹트는 나무,서울특별시 금천구 시흥대로80길 19-11,126.9009649,37.4594456,4.0,0.0
신나는 집 장애인공동생활가정,서울특별시 구로구 고척로52라길 19-7,126.8548812,37.5021355,4.0,6.0
제4샬롬장애인공동생활가정,서울특별시 중구 동호로15가길 37,127.0070948,37.554683,3.0,0.0
예은장애인주간보호시설,서울특별시 구로구 부일로15길 25-5,126.833156,37.4939379,14.0,18.0
예은장애인공동생활가정,서울특별시 양천구 오목로46길 17,126.8620021,37.5242015,4.0,31.0
다은장애인공동생활가정,서울특별시 양천구 목동중앙서로9길 20,126.866736,37.5333456,3.0,16.0
강동단기보호시설,서울특별시 강동구 구천면로 222,127.1295222,37.5405969,10.0,16.0
성민장애인주간보호소,서울특별시 노원구 노원로32길 42-20,127.0696524,37.6553725,15.0,0.0
라온채,서울특별시 구로구 고척로12길 15-4,126.8432705,37.4996347,10.0,14.0
해피워크,서울특별시 성북구 오패산로 21-0,127.0364666,37.6045618,29.0,48.0
아이티어빌리티센터,서울특별시 강동구 고덕로 106,127.1370448,37.5544897,26.0,17.0
기원주간보호센터,서울특별시 은평구 통일로87길 6-19,126.918825,37.6238778,10.0,25.0
한마음 주간보호센터,서울특별시 은평구 연서로17길 47,126.912337,37.6139986,13.0,49.0
하늘꿈터,서울특별시 동대문구 사가정로25길 29,127.0703576,37.5801734,10.0,28.0
용산구수어통역센터,서울특별시 용산구 서빙고로 245,126.991076,37.5204872,5389.0,24.0
시립영등포장애인복지관,서울특별시 영등포구 버드나루로 22,126.9128674,37.5207961,698.0,71.0
다운주간보호센터,서울특별시 노원구 화랑로 478,127.0802914,37.6189569,16.0,47.0
모랫말꿈터,서울특별시 영등포구 도영로 37,126.8970707,37.5099441,19.0,18.0
강동그린나래복지센터,서울특별시 강동구 고덕로 100-5,127.1365523,37.5543319,29.0,16.0
성프란치스꼬민들레의집,서울특별시 영등포구 도신로 146-3,126.9079244,37.5092237,6.0,30.0
햇살터(성프란치스꼬),서울특별시 구로구 남부순환로105라길 25-10,126.8905209,37.4815694,12.0,60.0
한마음2호공동생활가정,서울특별시 송파구 위례성대로8길 46,127.1174729,37.5110879,4.0,23.0
SG누리센터,서울특별시 금천구 시흥대로 182-0,126.902725,37.4502637,10.0,26.0
노원1장애인주간보호센터,서울특별시 노원구 월계로 372,127.0605097,37.6300472,14.0,16.0
다사랑공동생활가정,서울특별시 강북구 노해로7길 42-5,127.0202953,37.6379735,4.0,29.0
다향공동생활가정,서울특별시 강서구 양천로 595,126.8651344,37.5563166,4.0,20.0
나자로의집보호작업장,서울특별시 관악구 남부순환로194길,126.9345863,37.4823057,29.0,30.0
북부(종합사회복지관)장애인주간보호센터,서울특별시 노원구 동일로245길 56,127.052403,37.6796011,15.0,29.0
실로암장애인근로사업장,서울특별시 관악구 남부순환로 1717,126.9411517,37.4830211,78.0,26.0
중계1호,서울특별시 노원구 노원로19길 31,127.0696568,37.6434538,4.0,16.0
중계2호그룹홈,서울특별시 노원구 노원로19길 31,127.0696568,37.6434538,4.0,16.0
상계(종합사회복지관)장애인주간보호센터,서울특별시 노원구 덕릉로115나길 25,127.0784423,37.667934,16.0,20.0
평화장애인주간활동센터,서울특별시 노원구 노원로 331,127.0690103,37.6465083,13.0,17.0
영등포구주간보호센터,서울특별시 영등포구 신길로 55,126.9079979,37.4975468,14.0,34.0
임마누엘신사공동체,서울특별시 은평구 갈현로2가길 13,126.9111298,37.5992941,4.0,15.0
임마누엘역촌공동체,서울특별시 은평구 진흥로1길 13-19,126.9173684,37.6013555,4.0,37.0
서울남부주간보호센터,서울특별시 동작구 여의대방로20길 33,126.919139,37.4926778,14.0,13.0
남부장애인공동생활가정1호,서울특별시 영등포구 도신로48길 9-13,126.9137766,37.5105732,4.0,18.0
남부장애인공동생활가정2호,서울특별시 영등포구 영신로17길 16-016,126.906643,37.5134823,2.0,0.0
한빛장애인주간보호센터,서울특별시 양천구 신월로11길 16,126.8402308,37.5190636,13.0,39.0
관음의 집,서울특별시 금천구 독산로14길 13,126.9076123,37.4523569,2.0,38.0
지장의 집,서울특별시 금천구 독산로14길 13,126.9076123,37.4523569,4.0,38.0
노원시각장애인주간보호센터,서울특별시 노원구 상계로23길 42,127.067721,37.6597245,12.0,27.0
원광장애인주간보호시설,서울특별시 중랑구 신내로 56,127.0960164,37.6041991,12.0,25.0
보라매주간보호센터,서울특별시 동작구 여의대방로20길 33,126.919139,37.4926778,11.0,13.0
정겨우리주간보호센터,서울특별시 은평구 갈현로11길 30,126.9068159,37.6056774,12.0,5.0
정립회관주간보호센터,서울특별시 광진구 워커힐로 93,127.0976391,37.5508019,12.0,1.0
강서구수어통역센터,서울특별시 강서구 발산로 40,126.8213981,37.5536291,6252.0,15.0
구로구수어통역센터,서울특별시 구로구 가마산로 272,126.8906229,37.4958027,48.0,45.0
삼전주간보호시설,서울특별시 송파구 백제고분로32길 35,127.0949477,37.4991276,15.0,11.0
브니엘의 집,서울특별시 구로구 구로중앙로21길 22-1,126.8868651,37.4961798,13.0,30.0
이수경하우스,서울특별시 노원구 덕릉로122길 15-4,127.0812487,37.6688454,4.0,0.0
송파시각장애인축구장,서울특별시 송파구 올림픽로 474,127.1175232,37.5247553,0.0,43.0
송파구장애인운전교육원,서울특별시 송파구 삼학사로2길 49,127.1005419,37.4966651,0.0,18.0
임마누엘시흥공동체,서울특별시 금천구 독산로50마길 19-10,126.9119408,37.4612876,4.0,5.0
임마누엘독산공동체,서울특별시 금천구 시흥대로118길 44,126.9012131,37.4681575,4.0,49.0
임마누엘신월공동체,서울특별시 양천구 오목로11길 9,126.8446184,37.5237118,4.0,17.0
임마누엘신정공동체,서울특별시 양천구 오목로 148-34,126.8541487,37.5238297,3.0,31.0
임마누엘개봉공동체,서울특별시 구로구 고척로16가길 35,126.8448234,37.4994576,4.0,37.0
임마누엘구로공동체,서울특별시 구로구 오리로22가길 38-6,126.8299912,37.5005845,4.0,9.0
임마누엘화곡1공동체,서울특별시 강서구 등촌로13다길 22-7,126.8591691,37.5355463,4.0,0.0
임마누엘화곡공동체,서울특별시 강서구 강서로10길 108,126.8538688,37.5306756,4.0,35.0
임마누엘등촌1공동체,서울특별시 강서구 화곡로66길 145-15,126.8615718,37.5554449,4.0,24.0
기쁜우리복지관부설주간보호시설,서울특별시 강서구 허준로 65,126.848903,37.5692246,18.0,5.0
충현복지관,서울특별시 강남구 논현로98길 16,127.0367954,37.5035967,807.0,52.0
해마을주간보호센터,서울특별시 강남구 개포로 617-8,127.0777063,37.4939953,13.0,10.0
중랑구수어통역센터,서울특별시 중랑구 면목로 299,127.0866745,37.5792267,77.0,35.0
성모자애 엠마우스공동생활가정 1,서울특별시 강남구 헌릉로757길 35,127.1194761,37.4700435,4.0,0.0
성모자애엠마우스공동생활가정3호,서울특별시 강남구 헌릉로757길 35,127.1194761,37.4700435,4.0,0.0
성모자애공동생활가정,서울특별시 강남구 헌릉로757길 35,127.1194761,37.4700435,4.0,0.0
성모자애주간보호시설,서울특별시 강남구 헌릉로757길 35,127.1194761,37.4700435,15.0,0.0
성모자애제2주간보호센터,서울특별시 강남구 헌릉로757길 35,127.1194761,37.4700435,15.0,0.0
성모자애보호작업장,서울특별시 강남구 헌릉로757길 35,127.1194761,37.4700435,35.0,0.0
사랑손주간보호센터,서울특별시 동작구 사당로 188-7,126.9693901,37.4850624,10.0,0.0
서울특별시립장애인생산품판매시설,서울특별시 양천구 목동서로 33,126.8821342,37.5373038,0.0,20.0
동작구립장애인보호작업장,서울특별시 동작구 등용로12길 57,126.9324578,37.5119543,42.0,14.0
성동주간보호센터,서울특별시 성동구 청계천로 506,127.033664,37.5703813,12.0,28.0
성모보호작업장,서울특별시 성동구 금호산9가길 57-10,127.0185491,37.5529607,42.0,17.0
성동보호작업장,서울특별시 성동구 청계천로 506-0,127.033664,37.5703813,30.0,28.0
성동장애인복지관공동생활가정(믿음의집),서울특별시 성동구 금호산9가길 57-10,127.0185491,37.5529607,4.0,17.0
성동장애인복지관공동생활가정(소망의집),서울특별시 성동구 금호산9가길 57-10,127.0185491,37.5529607,4.0,17.0
성동장애인복지관공동생활가정(사랑의집),서울특별시 성동구 금호산9가길 57-10,127.0185491,37.5529607,4.0,17.0
성동장애인복지관 공동생활가정(기쁨의 집),서울특별시 성동구 무수막14길 10,127.0214242,37.5525913,4.0,18.0
광진장애인보호작업장,서울특별시 광진구 동일로80길 20,127.0809459,37.5700727,31.0,23.0
은평구수어통역센터,서울특별시 은평구 증산서길 82,126.9068309,37.5835788,5186.0,17.0
정립장애인보호작업장,서울특별시 광진구 워커힐로 93,127.0976391,37.5508019,26.0,1.0
정립전자,서울특별시 광진구 워커힐로 93,127.0976391,37.5508019,83.0,1.0
보라매그룹홈,서울특별시 동작구 보라매로13길 21,126.9265516,37.4961915,4.0,0.0
자운그룹홈,서울특별시 도봉구 도봉로185길 14,127.0443602,37.6855462,3.0,0.0
까리따스장애인주간보호센터,서울특별시 서초구 남부순환로 2124,126.9842119,37.4747629,12.0,53.0
사랑의일터,서울특별시 서초구 효령로55길 28,127.0145144,37.486122,26.0,41.0
교남공동생활가정4호,서울특별시 강서구 까치산로8길 44,126.8463085,37.5416315,4.0,0.0
교남공동생활가정1호,서울특별시 강서구 까치산로16길 21,126.8488102,37.5456529,4.0,0.0
구로구립장애인보호작업장,서울특별시 구로구 경인로 21,126.8247581,37.4897454,54.0,13.0
동천재활체육시설,서울특별시 노원구 노원로18길 41,127.0733277,37.6444026,65.0,11.0
교남공동생활가정5호,서울특별시 강서구 화곡로31길 5-6,126.8426278,37.5436607,3.0,0.0
서초구수어통역센터,서울특별시 서초구 서운로23길 17,127.0211484,37.4986336,5647.0,19.0
서울남부보호작업장,서울특별시 동작구 여의대방로20길 33,126.919139,37.4926778,39.0,13.0
서울장애인종합복지관,서울특별시 강동구 고덕로 201,127.1483522,37.5555414,2000.0,9.0
오뚜기뇌성마비인주간보호센터,서울특별시 노원구 덕릉로70가길 96,127.0567606,37.6423379,13.0,17.0
참사랑주간보호센터,서울특별시 송파구 마천로 89,127.1303229,37.5069925,11.0,20.0
번동보호작업장,서울특별시 강북구 한천로 115길 20,127.0362166,37.6330865,39.0,17.0
여성시각장애인주간보호센터,서울특별시 중구 소공로4길 15,126.9836369,37.5574989,10.0,13.0
맑음터단기보호시설,서울특별시 마포구 백범로 73-11,126.9404896,37.549207,10.0,18.0
연화직업재활원,서울특별시 송파구 가락로 86,127.1058712,37.5004877,16.0,38.0
사랑의복지관 재가복지봉사센터,서울특별시 서초구 강남대로65길 19,127.023991,37.4998664,,88.0
하하센터,서울특별시 노원구 한글비석로24가길 72-20,127.0693639,37.6645924,10.0,17.0
서초구립주간이용센터,서울특별시 서초구 남부순환로340길 15,127.0248702,37.4821422,10.0,25.0
라파엘 주간보호시설,서울특별시 종로구 필운대로9나길 15-4,126.9666871,37.5830086,6.0,2.0
서대문장애인주간보호시설,서울특별시 서대문구 북아현로4차길 4,126.9603362,37.560843,13.0,15.0
서은장애인단기보호시설,서울특별시 서대문구 가좌로 19,126.9332741,37.5768187,10.0,26.0
브니엘공동생활가정,서울특별시 은평구 증산로19길 28-10,126.9118723,37.5957549,4.0,0.0
벧엘공동생활가정,서울특별시 은평구 가좌로 312-11,126.9108154,37.5959675,4.0,0.0
중계종합사회복지관장애인주간보호센터,서울특별시 노원구 덕릉로 662,127.0761681,37.6566031,15.0,21.0
새생명장애인주간보호소,서울특별시 영등포구 도림로 310-1301,126.9026232,37.5052505,20.0,0.0
비둘기주간보호시설,서울특별시 종로구 동숭4길 28,127.0051591,37.5836439,13.0,10.0
비둘기직업적응훈련센터,서울특별시 종로구 동숭4길 28,127.0051591,37.5836439,31.0,10.0
중구수어통역센터,서울특별시 중구 퇴계로20길 41-11,126.9867946,37.5587736,2092.0,12.0
미술작은예수의집,서울특별시 송파구 가락로11길 12-6,127.1048461,37.5014657,4.0,33.0
영등포구수어통역센터,서울특별시 영등포구 경인로112길 13,126.9142793,37.5181215,5974.0,87.0
노원구수어통역센터,서울특별시 노원구 상계로23길 17,127.0685263,37.6588188,1073.0,29.0
(사)대한안마사협회부설안마수련원,서울특별시 서초구 서초중앙로22길 105,127.0195582,37.4945468,59.0,23.0
한마음주간보호시설,서울특별시 강북구 삼양로 432,127.0168442,37.6419832,12.0,24.0
한마음단기거주시설,서울특별시 강북구 삼양로119길 12,127.0153651,37.644275,10.0,25.0
햇빛자리,서울특별시 용산구 백범로47길 24,126.9595018,37.5409601,10.0,17.0
마포장애인주간보호센터,서울특별시 마포구 성산로4길 35,126.9084724,37.5637867,10.0,24.0
마포점자도서실,서울특별시 마포구 망원2동 451-1,126.9022827,37.560312,10.0,14.0
피어라희망센터,서울특별시 도봉구 도봉로120길 16,127.0374123,37.6502813,20.0,25.0
무지개동산주간보호,서울특별시 송파구 성내천로22길 16,127.1465243,37.4996035,9.0,39.0
송파구수어통역센터,서울특별시 송파구 문정로 13,127.1242288,37.4864433,3860.0,25.0
성동구수어통역센터,서울특별시 성동구 청계천로 516,127.033664,37.5703813,5304.0,9.0
마라주간보호센터,서울특별시 송파구 송이로34길 43-1,127.1288539,37.484523,10.0,17.0
주몽재활의원,서울특별시 강동구 상암로 369 상일동 179,127.1636346,37.5461957,70.0,0.0
장애인주간보호시설인강원,서울특별시 도봉구 평화로15번길 9-25,127.0424217,37.6946661,12.0,6.0
보호작업장 인강원,서울특별시 도봉구 평화로15번길 9-25,127.0424217,37.6946661,14.0,6.0
아미네,서울특별시 도봉구 시루봉로13가길 30,127.0305494,37.6676793,4.0,10.0
도봉주간보호센터,서울특별시 도봉구 도당로 53,127.0345039,37.6629717,10.0,14.0
마라제3공동생활가정,서울특별시 송파구 가락로5길 7-11,127.1014339,37.4999753,4.0,20.0
마라제1공동생활가정,서울특별시 송파구 송이로34길 43-1,127.1288539,37.484523,4.0,17.0
마라제2공동생활가정,서울특별시 송파구 송이로34길 43-1,127.1288539,37.484523,4.0,17.0
충현보호작업장,서울특별시 강남구 논현로98길 16,127.0367954,37.5035967,45.0,52.0
THE채움,서울특별시 송파구 마천로51길 28,127.1525802,37.4969049,10.0,19.0
헬렌켈러의집,서울특별시 강북구 삼양로91가길 8,127.0158309,37.6365179,4.0,28.0
강남구수어통역센터,서울특별시 강남구 학동로 343,127.0406346,37.5174488,5462.0,38.0
논현공동생활가정,서울특별시 강남구 강남대로120길 52,127.0274765,37.5076827,4.0,57.0
하상주간보호센터,서울특별시 강남구 개포로 613,127.0750392,37.4925,12.0,14.0
라온홈,서울특별시 마포구 잔다리로9길 21,126.9135931,37.5570508,4.0,0.0
한벗장애인주간보호시설,서울특별시 용산구 효창원로69길 42-3,126.9601812,37.5428585,10.0,7.0
행복이가득한집,서울특별시 용산구 후암로28라길 9,126.9797776,37.54973,3.0,7.0
임마누엘목동공동체,서울특별시 양천구 목동중앙본로17길 29,126.8675439,37.541706,4.0,9.0
실로암배움울타리,서울특별시 관악구 조원로12길 66-0,126.9061651,37.4814709,5.0,32.0
사랑쉼터의집,서울특별시 강동구 상암로79길 24,127.167275,37.54675,21.0,17.0
베다니장애인주간보호시설,서울특별시 양천구 남부순환로65길 12-2,126.8355747,37.5276171,13.0,44.0
가브리엘의집,서울특별시 용산구 후암로35길 22-23,126.9755132,37.550759,29.0,9.0
동천일리하우스,서울특별시 노원구 노원로18길 41,127.0733277,37.6444026,39.0,11.0
우리집,서울특별시 강서구 양천로47길 70-6,126.8375417,37.5733596,10.0,5.0
나눔공동체,서울특별시 강서구 등촌로13바길 59,126.8568033,37.5353336,4.0,0.0
선린원,서울특별시 강서구 까치산로22길 35-5,126.852947,37.5486028,10.0,7.0
잔디네집,서울특별시 마포구 월드컵로 190,126.9032758,37.5641963,2.0,28.0
푸른터,서울특별시 강서구 초록마을로26길 35-8,126.8494195,37.5390423,4.0,0.0
푸른터2호,서울특별시 강서구 화곡로13길 20-9,126.8337061,37.5410662,4.0,0.0
푸른터3호,서울특별시 강서구 허준로5길 37,126.8511459,37.5685604,4.0,15.0
강서뇌성마비복지관,서울특별시 강서구 방화대로 45길 69,126.8125801,37.5742085,500.0,28.0
그라나다보호작업센터,서울특별시 강서구 허준로5길 37,126.8511459,37.5685604,44.0,15.0
강서희망의집,서울특별시 강서구 강서로34길 36,126.8414972,37.5433356,10.0,50.0
주간보호센터햇볕교실,서울특별시 강서구 개화동로21길 4,126.8054428,37.570159,13.0,12.0
기쁜우리보호작업장,서울특별시 강서구 허준로 65,126.848903,37.5692246,33.0,5.0
강서구휴먼희망일터,서울특별시 강서구 강서로 466,126.8414929,37.5668896,23.0,18.0
다복스위트홈,서울특별시 노원구 상계로5길 22-94,127.0631897,37.6573558,4.0,0.0
마라제4공동생활가정,서울특별시 송파구 마천로39길 35,127.1492915,37.5004139,4.0,22.0
양지골장애인주간보호시설,서울특별시 구로구 구로중앙로28길 62,126.8890633,37.5000345,12.0,25.0
리드릭,서울특별시 영등포구 양산로 96양산로 96,126.8935759,37.5238068,51.0,0.0
마포구립장애인직업재활센터(수아밀),서울특별시 마포구 매봉산로 18,126.889907,37.574151,31.0,5.0
강남세움주간보호센터,서울특별시 강남구광평로60길 22,127.106901,37.4870564,16.0,18.0
파랑새교육원주간보호,서울특별시 강서구 까치산로 134,126.8514151,37.5492915,13.0,18.0
화곡성모공동생활가정,서울특별시 강서구 초록마을로24길 7-8,126.850833,37.5386307,4.0,7.0
강남장애인복지관,서울특별시 강남구 개포로 605,127.073463,37.4919944,314.0,15.0
헬렌의집장애인단기보호시설,서울특별시 구로구 구로중앙로27나길 18,126.8849881,37.4968719,11.0,16.0
로사리아공동생활가정,서울특별시 강서구 초록마을로24길 7-8,126.850833,37.5386307,4.0,7.0
우리집주간보호,서울특별시 강서구 양천로47길 70-6,126.8375417,37.5733596,12.0,5.0
꿈손단기거주시설,서울특별시 강북구 인수봉로61길12-4,127.012855,37.6385449,12.0,9.0
금천구수어통역센터,서울특별시 금천구 시흥대로147길 30-15,126.8962006,37.4747782,30.0,0.0
시각장애인주간보호센터,서울특별시 중구 퇴계로20길 41-11,126.9867946,37.5587736,15.0,12.0
동대문구수어통역센터,서울특별시 동대문구 청계천로 521,127.0340663,37.5718151,600.0,22.0
샬롬의 집,서울특별시 강서구 방화대로7가길 11,126.8156968,37.5568937,15.0,7.0
디딤돌공동생활가정,서울특별시 도봉구 우이천로 446-11,127.017232,37.6534629,3.0,0.0
역삼주간보호센터,서울특별시 강남구 테헤란로8길 36,127.031845,37.4964913,16.0,72.0
신망애공동생활가정,서울특별시 강남구 도산대로50길 33-3,127.0380359,37.5202486,4.0,0.0
서로함께공동생활가정,서울특별시 강남구 선릉로146길 27-4,127.0424254,37.5220574,4.0,55.0
똘레랑스,서울특별시 은평구 연서로21길 31-0,126.9143924,37.6154393,25.0,37.0
마로니에공동생활가정,서울특별시 종로구 혜화로12길 20-10,127.0004607,37.5896719,3.0,3.0
영락주간보호센터,서울특별시 중구 수표로 33,126.9887784,37.5633994,13.0,29.0
성모주간보호센터,서울특별시 성동구 독서당로44길 25,127.0206289,37.544853,15.0,2.0
지앤지주간보호센터,서울특별시 도봉구 삼양로 574-44,127.0139816,37.6543821,15.0,5.0
동문장애인복지관,서울특별시 동대문구 장안벚꽃로 7길 5,127.0731949,37.5832322,0.0,19.0
성민그룹홈,서울특별시 도봉구 우이천로47길 10,127.0153409,37.6549735,4.0,3.0
파란마음주간보호센터,서울특별시 중구 다산로22길 11,127.0130372,37.5576775,19.0,29.0
구립용산장애인복지관,서울특별시 용산구 효창원로93길 49,126.9617727,37.5474547,332.0,10.0
서초구립한우리정보문화센터,서울특별시 서초구 남부순환로340길 15,127.0248702,37.4821422,376.0,25.0
다니엘의집4호,서울특별시 강남구 도산대로4길 18-6,127.0210086,37.515196,4.0,120.0
행복한 집,서울특별시 마포구 성미산로 165-5,126.9245504,37.5649115,3.0,15.0
성민복지관,서울특별시 노원구 노원로32길 30-3,127.06922,37.6558278,340.0,34.0
기쁜우리복지관,서울특별시 강서구 허준로 65,126.848903,37.5692246,500.0,5.0
강북장애인종합복지관,서울특별시 강북구 오현로 189 강북장애인종합복지관,127.0390729,37.6287227,282.0,25.0
삼성소리샘복지관,서울특별시 동작구 양녕로30길 19-4,126.9459305,37.4991197,300.0,13.0
서울시립뇌성마비복지관,서울특별시 노원구 덕릉로70가길 96,127.0567606,37.6423379,639.0,17.0
서울시립상이군경복지관,서울특별시 노원구 덕릉로70가길 73-0,127.0580927,37.6423198,462.0,20.0
서울장애인종합복지관보호작업장,서울특별시 강동구 고덕로 201,127.1483522,37.5555414,30.0,9.0
성동장애인종합복지관,서울특별시 성동구 청계천로 506-0,127.033664,37.5703813,350.0,28.0
성북시각장애인복지관,서울특별시 성북구 동소문로25가길 20성북시각장애인복지관,127.0192147,37.5953654,320.0,39.0
실로암주간보호센터,서울특별시 관악구 조원로 127-2,126.9164901,37.4855259,10.0,0.0
에덴장애인종합복지관,서울특별시 구로구 고척로21가길 84-35,126.8412634,37.5012016,211.0,6.0
정립회관,서울특별시 광진구 워커힐로 93,127.0976391,37.5508019,1050.0,1.0
한국시각장애인복지관,서울특별시 강동구 구천면로 645,127.1690239,37.5509688,0.0,4.0
양천해누리복지관,서울특별시 양천구 목동동로 159,126.8699593,37.5198872,43.0,22.0
실로암시각장애인복지관,서울특별시 관악구 남부순환로 1717,126.9411517,37.4830211,1800.0,26.0
서부장애인종합복지관,서울특별시 은평구 갈현로11길 30,126.9068159,37.6056774,600.0,5.0
서대문장애인종합복지관,서울특별시 서대문구 북아현로 24,126.9570302,37.559478,1666.0,19.0
해나무일터,서울특별시 구로구 남부순환로 105라길 25-10,126.8905209,37.4815694,31.0,60.0
장애인주간보호센터청락원,서울특별시 금천구 금하로29길 36,126.9137487,37.4513835,15.0,5.0
사랑의복지관,서울특별시 서초구 강남대로65길 19,127.023991,37.4998664,10.0,88.0
하상장애인복지관,서울특별시 강남구 개포로 613,127.0750392,37.4925,780.0,14.0
희망의학교,서울특별시 광진구 천호대로 622,127.0863842,37.5539975,18.0,17.0
라파엘의집,서울특별시 종로구 필운대로2길 16,126.9697969,37.5788306,10.0,17.0
다운인의 집,서울특별시 노원구 노원로1길 21,127.0851487,37.6214487,4.0,40.0
장애인공동생활가정다움이네집,서울특별시 동작구 양녕로22마길 90,126.9468295,37.4990433,3.0,11.0
사랑의가족,서울특별시 서초구 사임당로20길 16,127.0210719,37.489255,4.0,0.0
사랑의그룹홈,서울특별시 서초구 효령로23길 61,126.9925493,37.4829926,4.0,7.0
성북그룹홈1호,서울특별시 성북구 개운사길 60-39,127.0302437,37.5902099,3.0,0.0
성북그룹홈2호,서울특별시 성북구 보국문로6길 5-11,127.0114455,37.6065118,3.0,49.0
사랑손공동생활가정소라네,서울특별시 동작구 대방동2길 36,126.9277231,37.5029288,4.0,11.0
아름다운집,서울특별시 노원구 공릉로62길 8,127.0721731,37.6355627,3.0,20.0
아이비해솔그룹홈,서울특별시 강동구 양재대로110길 15-5,127.1403233,37.5357546,4.0,0.0
아이비한울그룹홈,서울특별시 강동구 양재대로124길 67-14,127.1462695,37.5429559,3.0,0.0
아이비잎새그룹홈,서울특별시 강동구 양재대로135길 5-1,127.1431198,37.5484045,3.0,33.0
사랑손공동생활가정연희네,서울특별시 동작구 국사봉길 178,126.9341756,37.4935767,3.0,4.0
임마누엘관악1공동체공동생활가정,서울특별시 관악구 조원중앙로 44-32,126.9071874,37.4830136,4.0,0.0
임마누엘등촌공동체,서울특별시 강서구 공항대로39길 74,126.8448691,37.5604513,4.0,22.0
임마누엘영등포공동체,서울특별시 영등포구 영신로8길 9,126.9099437,37.5133982,3.0,29.0
충현의집1호,서울특별시 강남구 삼성로57길 33-1,127.058444,37.4972438,1.0,37.0
충현의집2호,서울특별시 강남구 학동로42길 55-10,127.0375601,37.5119801,1.0,0.0
충현의집3호,서울특별시 서초구 동산로12길 20,127.0456595,37.4708313,4.0,14.0
충현의집4호,서울특별시 강남구 선릉로146길 27-4,127.0424254,37.5220574,1.0,55.0
충현의집5호,서울특별시 강남구 삼성로147길 16-10,127.0465394,37.5219677,1.0,0.0
충현의집6호,서울특별시 강남구 삼성로67길 8-7,127.0583149,37.5013626,1.0,0.0
한마음1호공동생활가정,서울특별시 은평구 통일로89길 5-7,126.9193158,37.624286,4.0,0.0
기쁜우리체육센터,서울특별시 강서구 허준로 65,126.848903,37.5692246,300.0,5.0
서부재활체육센터,서울특별시 은평구 갈현로11길 30,126.9068159,37.6056774,1300.0,5.0
에스알씨(SRC)부설의원,서울특별시 관악구 보라매로 44,126.9274212,37.4931462,100.0,22.0
서울재활병원,서울특별시 은평구 갈현로11길 30-0,126.9068159,37.6056774,350.0,5.0
도봉장애인보호작업시설,서울특별시 도봉구 마들로 664-17,127.0474125,37.6696079,19.0,13.0
마라보호작업장,서울특별시 송파구 송이로34길 43-1,127.1288539,37.484523,22.0,17.0
성지보호작업장,서울특별시 강동구 동남로85길 15,127.155887,37.5612551,24.0,7.0
아이비장애인보호작업장,서울특별시 강동구 구천면로39길 12,127.1318737,37.5457138,30.0,31.0
은평보호작업장,서울특별시 은평구 갈현로11길 30,126.9068159,37.6056774,21.0,5.0
하은장애인보호작업장,서울특별시 양천구 목동동로8길 9,126.8707138,37.5179105,30.0,17.0
EM실천,서울특별시 금천구 서부샛길 648,126.8760629,37.4812005,30.0,11.0
꿈자람터장애인주간보호센터,서울특별시 강서구 공항대로43길 104,126.8516881,37.5608036,12.0,35.0
서울시립노원시각장애인복지관,서울특별시 노원구 덕릉로70가길 98,127.0567606,37.6423379,14332.0,19.0
늘푸른마을,서울특별시 강서구 까치산로22길 38,126.852497,37.5481283,13.0,8.0
효명장애인보호작업시설,서울특별시 송파구 올림픽로 269,127.1007352,37.5144538,19.0,91.0
서리풀주간이용센터,서울특별시 서초구 남부순환로340길 15,127.0248702,37.4821422,10.0,25.0
동작구수어통역센터,서울특별시 동작구 만양로3길 14,126.9469524,37.5080788,644.0,11.0
종로구수어통역센터,서울특별시 종로구 종로 17길 8,126.9889566,37.570684,598.0,59.0
양천구수어통역센터,서울특별시 양천구 목동중앙북로 68,126.870688,37.5465877,6704.0,37.0
성락주간보호,서울특별시 영등포구 도림로 304,126.9030335,37.504884,16.0,29.0
계명원,서울특별시 마포구 동교로 55-10,126.9084,37.5537239,10.0,0.0
열린마음하나,서울특별시 강서구 초록마을로16길 20,126.8495415,37.5411873,4.0,10.0
삼성그룹홈1호,서울특별시 동작구 양녕로 22마길 90,126.9468295,37.4990433,4.0,11.0
민들레쉼터장애인주간보호시설,서울특별시 구로구 가마산로 231,126.88603,37.4953222,7.0,26.0
드림하우스,서울특별시 양천구 곰달래로10길 19-1,126.837345,37.5284562,2.0,31.0
선한복지센터,서울특별시 강동구 양재대로91길 62,127.1329547,37.5288478,28.0,17.0
사랑나눔강동,서울특별시 강동구 양재대로112길 86,127.1444487,37.5357001,4.0,22.0
하나렘넌트장애인주간보호센터,서울특별시 마포구 월드컵로13길 19-13,126.9094309,37.5552651,12.0,18.0
위드그룹홈,서울특별시 은평구 갈현로15길 11-13,126.9093658,37.606781,4.0,9.0
서울시농아노인지원센터,서울특별시 용산구 원효로89길 33,126.967212,37.5407487,15.0,14.0
디딤돌주간보호센터,서울특별시 동작구 대방동7길 57,126.9249741,37.5015504,13.0,24.0
구립강서구직업재활센터,서울특별시 강서구 허준로 95-9,126.8517994,37.567421,65.0,17.0
작은숨골공동생활가정,서울특별시 서대문구 연희로41가길 103-7,126.9336853,37.5936891,4.0,2.0
서울시립미래형장애인직업재활시설그린내,서울특별시 서대문구 명지2길 14-0,126.9278717,37.5830581,58.0,13.0
논현제2공동생활가정,서울특별시 강남구 논현로113길 38-1,127.0301674,37.5077499,4.0,78.0
포도원복지센터,서울특별시 은평구 갈현로41길 48,126.9131673,37.6263429,12.0,0.0
마포구수어통역센터,서울특별시 마포구 월드컵로 213,126.9007883,37.5654456,3926.0,17.0
메타아카데미주간보호센터,서울특별시 강동구 양재대로121길 25,127.1400444,37.5425474,10.0,20.0
하나인장애인주간보호센터,서울특별시 광진구 능동로59길 14,127.0849167,37.5689511,10.0,12.0
희망일터,서울특별시 광진구 천호대로 622,127.0863842,37.5539975,28.0,17.0
서울시립미래형장애인직업재활시설굿윌스토어,서울특별시 송파구 마천로 226,127.1426933,37.5003887,53.0,23.0
소망의집,서울특별시 송파구 백제고분로 32길 32-1,127.0944827,37.4995633,4.0,12.0
사랑의집,서울특별시 송파구 오금로64나길 11-1,127.1486798,37.4917514,4.0,10.0
희망을긷는샘,서울특별시 강북구 삼양로163길 31-5,127.0116948,37.658605,3.0,10.0
내일을 꿈꾸는 사람들,서울특별시 노원구 동일로237바길 11-8,127.050221,37.6740962,3.0,12.0
로뎀나무,서울특별시 강서구 까치산로18나길 36,126.8495703,37.5458736,11.0,19.0
빛가람장애인시설,서울특별시 은평구 대서문길 36,126.9481882,37.655471,28.0,2.0
아름드리주간보호센터,서울특별시 동대문구 한천로58길 107,127.0701922,37.6013505,10.0,16.0
로뎀하우스,서울특별시 강서구 공항대로45가길 29,126.8536278,37.5570575,11.0,48.0
구립송파구장애인보호작업장,서울특별시 송파구 양산로 5,127.1427989,37.4899283,20.0,14.0
바우뫼주간보호센터,서울특별시 서초구 바우뫼로 43,127.0268847,37.4717563,10.0,8.0
맑은샘장애인주간보호시설,서울특별시 양천구 신월로 192,126.8442799,37.519563,12.0,20.0
다솜센터(시립서대문장애인단기보호센터),서울특별시 서대문구 증가로4길 58-16,126.9285115,37.5773744,10.0,30.0
보라매보호작업장,서울특별시 금천구 가산디지털2로 136,126.87965,37.480101,34.0,16.0
시립중랑장애인단기거주시설 행복누리,서울특별시 중랑구 겸재로61길 81,127.094418,37.5937737,11.0,28.0
드림장애인보호작업장,서울특별시 양천구 지양로 7,126.8377445,37.5174216,21.0,49.0
갑을충의장애인공동생활가정,서울특별시 관악구 난우16길 13-3,126.9176952,37.4775734,4.0,24.0
행복한나무,서울특별시 영등포구 양산로 96,126.8935759,37.5238068,20.0,32.0
갑을장애인직업휴먼센터,서울특별시 관악구 난우16길 13-7,126.9178829,37.4776981,30.0,24.0
우리마포보호작업장,서울특별시 마포구 신촌로26길 10,126.9421878,37.5558507,20.0,30.0
송파위더스,서울특별시 송파구 성내천로 333,127.1572816,37.4913412,18.0,11.0
렘넌트주간보호센터,서울특별시 송파구 동남로 303-8,127.1373608,37.5027837,11.0,12.0
우리마포장애인주간이용센터,서울특별시 마포구 신촌로26길 10,126.9421878,37.5558507,12.0,30.0
해누리하우스,서울특별시 양천구 곰달래로3길 24-12,126.8329559,37.5321214,3.0,31.0
사랑나눔송파,서울특별시 송파구 성내천로42길 11,127.1530856,37.4960278,4.0,15.0
유일장애인공동생활가정,서울특별시 도봉구 도봉로133길 14,127.0388839,37.6575743,4.0,37.0
효정,서울특별시 강북구 삼양로77길 38,127.0161674,37.6294813,39.0,24.0
한다솜장애인공동생활가정,서울특별시 강동구 아리수로74길 31-0,127.1609403,37.5613625,4.0,5.0
다사랑(대한정신보건가족협회),서울특별시 강서구 개화동로7길 3-16,126.7991964,37.5807014,29.0,22.0
프란치스코의집 단기거주시설,서울특별시 강북구 노해로23길 88-18,127.0194886,37.6472488,10.0,26.0
광진구수어통역센터,서울특별시 광진구 아차산로 417,127.0889296,37.5380999,46.0,10.0
초록등대장애인보호작업장,서울특별시 강서구 송정로1길 19,126.811228,37.5563769,29.0,17.0
강동구수어통역센터,서울특별시 강동구 성내로 52,127.1256774,37.528287,6038.0,19.0
강서나누리센터,서울특별시 강서구 공항대로7가길 21-3,126.813998,37.5627544,30.0,20.0
구립서대문장애인공동생활가정,서울특별시 서대문구 연희로41나길 5-6,126.9335753,37.5921736,4.0,3.0
갑을장애인주간보호센터,서울특별시 관악구 난우16길 13-7,126.9178829,37.4776981,11.0,24.0
군자작은예수의집,서울특별시 광진구 자양로35길 7-7,127.0866099,37.546743,10.0,16.0
종로장애인복지관,서울특별시 종로구 자하문로 89,126.9698189,37.5840898,1345.0,7.0
꿈터장애인주간보호센터,서울특별시 관악구 쑥고개로13길24,126.9440919,37.4806172,12.0,41.0
함재보호작업장,서울특별시 송파구 송파대로 412,127.1086416,37.504125,17.0,63.0
센터봄,서울특별시 강동구 천호대로 1210,127.145747,37.5348992,10.0,22.0
동천하우스6,서울특별시 노원구 한글비석로50길 12,127.0668826,37.6649468,4.0,19.0
덕유린장애인단기보호센터,서울특별시 종로구 지봉로12가길 49,127.0171418,37.5749339,10.0,33.0
성산푸른초장단기보호시설,서울특별시 강서구 양천로30길 14,126.822551,37.5725363,12.0,10.0
성산푸른초장주간보호시설,서울특별시 강서구 양천로30길 14,126.822551,37.5725363,16.0,10.0
보라향그룹홈,서울특별시 은평구 갈현로15길 11-13,126.9093658,37.606781,4.0,9.0
열린마음,서울특별시 강서구 초록마을로34길61,126.8449795,37.5384209,4.0,15.0
늘푸름보호작업장,서울특별시 구로구 부일로1나길38,126.8167567,37.4929412,37.0,1.0
희망일굼터,서울특별시 양천구 신정로267,126.8506219,37.512254,34.0,1.0
강서뇌성마비 주간보호,서울특별시 강서구 방화대로45길 69,126.8125801,37.5742085,12.0,28.0
내일을꿈꾸는사람들2호,서울특별시 노원구 동일로237다길 37,127.0524191,37.6752775,4.0,27.0
중증장애인다수고용사업장굿윌스토어밀알도봉점,서울특별시 도봉구 마들로 664-17,127.0474125,37.6696079,45.0,13.0
우리마포재활치료센터,서울특별시 마포구 신촌로26길10,126.9421878,37.5558507,,30.0
서울특별시중구장애인복지관,서울특별시 중구 퇴계로 460,127.0227986,37.5650915,190.0,38.0
금천구립장애인보호작업장,서울특별시 금천구 한내로 69-15,126.8868659,37.4578436,32.0,18.0
너나울공동생활가정,서울특별시 강북구 인수봉로60가길 24-7,127.0146043,37.636598,4.0,23.0
참사랑너나울주간보호센터,서울특별시 강북구 한천로143길 39,127.0231327,37.6404711,12.0,67.0
동문엔터프라이즈,서울특별시 동대문구 한천로 58-2,127.062656,37.5667038,25.0,24.0
강서구희망센터,서울특별시 강서구 화곡로31길 25,126.8419363,37.5441929,38.0,33.0
늘푸른집,서울특별시 강서구 금낭화로26가길 130,126.811404,37.5843473,10.0,2.0
하상점자도서관,서울특별시 강남구 개포로 613,127.0750392,37.4925,30.0,14.0
광림주간보호센터,서울특별시 강남구 압구정로22길 21,127.0267841,37.5242435,10.0,42.0
빛나눔보호작업장,서울특별시 은평구 수색로 390-29,126.8852254,37.59105,31.0,8.0
남산골주간보호센터,서울특별시 중구 퇴계로20길 41-11,126.9867946,37.5587736,13.0,12.0
영광시각장애인모바일점자도서관,서울특별시 서대문구 세검정로 78-19,126.9490362,37.5952111,30.0,27.0
강북장애인종합복지관주간보호시설,서울특별시 강북구 오현로 189,127.0390375,37.6287932,12.0,24.0
밀알그린보호작업장,서울특별시 강남구 밤고개로1길 34,127.1036079,37.4887823,21.0,50.0
강남 행복의집,서울특별시 강남구 논현로117길 12-4,127.0313977,37.5099049,4.0,43.0
강동행복의집,서울특별시 강동구 양재대로135길5-1,127.1431198,37.5484045,4.0,33.0
도봉단기보호시설,서울특별시 도봉구 마들로 709,127.0464655,37.673495,11.0,13.0
그린도봉주간보호센터,서울특별시 도봉구 도봉로 575,127.0387309,37.6563911,11.0,32.0
함께하네,서울특별시 도봉구 방학동 686-12,127.0397382,37.6649638,4.0,32.0
해피죤아동발달지원센터,서울특별시 강동구 상암로195,127.1441853,37.5466712,48.0,25.0
소망그룹홈4,서울특별시 강남구 언주로159길 21,127.0315043,37.5244506,4.0,31.0
소망그룹홈3,서울특별시 강남구 언주로159길 21,127.0315043,37.5244506,4.0,31.0
소망그룹홈2,서울특별시 강남구 언주로157길 22,127.0310631,37.5240821,4.0,30.0
루치아 공동생활가정,서울특별시 마포구 마포대로4라길41,126.9459851,37.5366175,4.0,27.0
맑은샘장애인단기거주시설,서울특별시 양천구 신월로192,126.8442799,37.519563,10.0,20.0
여호와닛시의집,서울특별시 강서구 방화동로5길38-7,126.8106411,37.5649438,3.0,15.0
서울곰두리체육센터,서울특별시 송파구 동남로 271,127.1321882,37.5020129,3000.0,23.0
H2빌,서울특별시 강서구 금낭화로26가길 130-0,126.811404,37.5843473,30.0,2.0
서울시각장애인생활이동지원센터,서울특별시 동작구 상도로 216-0,126.9426149,37.5050475,1019.0,23.0
공감보호작업장,서울특별시 성동구 아차산로144,127.0595971,37.5431089,20.0,23.0
행복플러스보호작업장,서울특별시 성북구 화랑로134,127.0463806,37.6049351,38.0,31.0
행복플러스 단기보호시설,서울특별시 성북구 화랑로134,127.0463806,37.6049351,15.0,31.0
비움,서울특별시 송파구 삼전로3길3-25,127.084144,37.5017019,3.0,12.0
장애인내일키움직업교육센터,서울특별시 서대문구 연희로33가길6-15,126.9344155,37.5776179,30.0,32.0
오뚜기직업재활센터,서울특별시 영등포구 영신로40길16,126.9030308,37.5211111,59.0,74.0
하늘아래주간보호시설,서울특별시 구로구 경인로23길8,126.844089,37.496763,10.0,34.0
하늘마음,서울특별시 중구 동호로11나길 35,127.0064027,37.5521142,4.0,4.0
오뚜기하우스,서울특별시 구로구 부일로871-16,126.8233991,37.4932067,6.0,10.0
교남발달지원센터,서울특별시 강서구 까치산로22길 38,126.852497,37.5481283,36.0,8.0
동천하우스7,서울특별시 도봉구 시루봉로17길47,127.0322563,37.6691403,3.0,12.0
동천하우스8,서울특별시 도봉구 시루봉로17길47,127.0322563,37.6691403,3.0,12.0
소망드림복지센터,서울특별시 강동구 양재대로116길,127.1433317,37.5381296,20.0,34.0
서울영동주간보호센터,서울특별시 강남구 논현로132길20,127.0322498,37.5149673,12.0,69.0
꿈터2장애인주간보호센터,서울특별시 관악구 쑥고개로13길24,126.9440919,37.4806172,10.0,41.0
예수와주간보호센터,서울특별시 강남구 압구정로22길21,127.0267841,37.5242435,11.0,42.0
행복을파는장사꾼,서울특별시 강서구 까치산로 134,126.8514151,37.5492915,31.0,18.0
성모자애단기거주시설미리암의집,서울특별시 강남구 헌릉로757길 35,127.1194761,37.4700435,15.0,0.0
희망하우스,서울특별시 광진구 능동로34길 102-5,127.0845519,37.5534322,10.0,3.0
참사랑 너나울 주간보호센터 2호,서울특별시 강북구 한천로143길 39,127.0231327,37.6404711,12.0,67.0
(주)의학신문사부설 아이맘인지발달연구소,서울특별시 광진구 동일로 357,127.0753924,37.5628781,80.0,18.0
예수성심우리엄마네,서울특별시 강북구 삼양로123길 14-19,127.0142246,37.6455331,4.0,23.0
다니엘의집5호,서울특별시 서초구 동산로12길 20,127.0456595,37.4708313,4.0,14.0
논현제3공동생활가정,서울특별시 강남구 학동로18길 23-1,127.0278238,37.511515,4.0,33.0
최종병기공동생활가정,서울특별시 서대문구 연희로41가길 103-13,126.9337084,37.5938372,3.0,2.0
위투게더,서울특별시 송파구 성내천로 239,127.1543678,37.4991325,10.0,9.0
꿈드래장애인일자리센터,서울특별시 동대문구 장한로28가길 70,127.0729733,37.5761338,13.0,20.0
푸르메재단넥슨어린이재활병원,서울특별시 마포구 월드컵북로 494,126.8805625,37.5846615,1488.0,8.0
푸르메스포츠센터,서울특별시 마포구 월드컵북로 494,126.8805625,37.5846615,5203.0,8.0
마포푸르메직업재활센터,서울특별시 마포구 월드컵북로 494,126.8805625,37.5846615,35.0,8.0
래그랜느보호작업장,서울특별시 강남구 양재대로55길13,127.0875113,37.4917015,11.0,17.0
휴샘아동가족발달센터,서울특별시 강서구 마곡중앙5로 81,126.8185752,37.5671206,35.0,13.0
구립동대문장애인종합복지관,서울특별시 동대문구 청계천로 521,127.0340663,37.5718151,,22.0
소망그룹홈1,서울특별시 강남구 언주로157길 22,127.0310631,37.5240821,4.0,30.0
sim 발달지원센터,서울특별시 광진구 천호대로136길 50,127.0899263,37.547637,50.0,15.0
하이드림,서울특별시 구로구 고척로21다길34-7,126.8432791,37.5034729,4.0,19.0
행복단기보호시설,서울특별시 송파구 성내천로 271,127.1544746,37.4963066,10.0,10.0
행복 보호작업장,서울특별시 송파구 성내천로 271,127.1544746,37.4963066,18.0,10.0
SG블루웰,서울특별시 금천구 두산로 70,126.8956021,37.4690079,31.0,40.0
소울터보호작업장,서울특별시 금천구 범안로1138,126.8884046,37.4657345,19.0,27.0
교남공동생활가정2호,서울특별시 강서구 초록마을로19길 12,126.8518656,37.5405457,4.0,4.0
하사랑주간보호,서울특별시 송파구 올림픽로35길 124,127.0992806,37.5188846,10.0,43.0
한우리보호작업장,서울특별시 서초구 남부순환로340길 15,127.0248702,37.4821422,20.0,25.0
늘품 장애인 보호작업장,서울특별시 서대문구 홍은중앙로 105,126.9484979,37.5998934,18.0,7.0
행복한사랑,서울특별시 송파구 오금로 548,127.1497095,37.4926566,10.0,13.0
강남세움단기보호센터,서울특별시 강남구 광평로60길 22,127.106901,37.4870564,10.0,18.0
관악구장애인종합복지관,서울특별시 관악구 남부순환로 1914,126.9618464,37.4774352,260.0,41.0
"효정1호,효정2호 공동생활가정",서울특별시 강북구 삼양로69길 42,127.0157678,37.6276878,6.0,23.0
동그라미 움직임 발달센터,서울특별시 광진구 자양로 135,127.0829161,37.5398297,17.0,14.0
성동재활의원,서울특별시 성동구 뚝섬로1길 43,127.0469729,37.5454156,30.0,18.0
다니엘치료센터,서울특별시 서초구 헌릉로468길 21-16,127.0920332,37.4604236,60.0,1.0
도봉장애인종합복지관,서울특별시 도봉구 마들로664-23,127.0477606,37.6694283,,12.0
행복이가득한집 2호,서울특별시 강서구 월정로18길 20,126.8398955,37.529193,3.0,37.0
참행복한세상,서울특별시 강서구 양천로 424,126.848,37.5641923,18.0,15.0
베데스다직업적응훈련시설,서울특별시 노원구 공릉로58마길 27,127.0776514,37.6364237,21.0,7.0
참사랑공동생활가정,서울특별시 강북구 한천로144길 27,127.0261705,37.6422498,4.0,52.0
하계장애인주간활동센터,서울특별시 노원구 노원로16길 15,127.0743507,37.6427975,10.0,23.0
송파구장애인직업재활지원센터,서울특별시 송파구 양산로 5,127.1427989,37.4899283,20.0,14.0
구립중림장애인주간보호센터,서울특별시 중구 서소문로6길 16,126.9661931,37.5594559,12.0,38.0
사랑단기보호센터,서울특별시 동작구 남부순환로255길 8,126.9712237,37.4764869,12.0,15.0
더원직업훈련센터,서울특별시 동대문구 장한로 25,127.0657951,37.5638196,20.0,54.0
행복주간보호센터,서울특별시 송파구 마천로 89,127.1303229,37.5069925,10.0,20.0
해피하우스,서울특별시 송파구 오금로 548,127.1497095,37.4926566,8.0,13.0
동안우리주간보호센터,서울특별시 강동구 풍성로 146,127.1281397,37.5309622,10.0,9.0
헬렌켈러의집 2호,서울특별시 강북구 삼양로91가길 8,127.0158309,37.6365179,4.0,28.0
라파아동발달센터,서울특별시 강동구,127.1470117,37.5504483,36.0,61.0
아이사랑아동청소년발달센터,서울특별시 강동구 아리수로93길 33,127.1735448,37.5658904,10.0,27.0
홀트강동복지관,서울특별시 강동구 아리수로93길 41,127.1732613,37.566236,150.0,27.0
직업재능개발센터,서울특별시 강동구 올림픽로588,127.1273649,37.549748,25.0,28.0
성민드림주간보호센터,서울특별시 서초구 효령로26길 9-9,126.9955591,37.4803424,10.0,16.0
한결엠보호작업장,서울특별시 금천구 가산디지털1로 131,126.8823347,37.4770104,10.0,45.0
우리그룹홈,서울특별시 송파구 거마로3길 5,127.1438022,37.4940621,4.0,49.0
블루나래,서울특별시 구로구 디지털로 272,126.8944527,37.4824969,13.0,36.0
영광시각장애인주간보호센터,서울특별시 서대문구 세무서10길 54,126.9479853,37.5909191,14.0,8.0
두손장애인보호작업장,서울특별시 송파구 동남로6길 34-1,127.1251728,37.4873394,,28.0
모두누리 직업재활센터,서울특별시 구로구 디지털로27길 24,126.8929463,37.4834545,24.0,35.0
기쁨나무,서울특별시 금천구 시흥대로80길 19,126.9007616,37.4591004,17.0,24.0
홀트주간보호센터,서울특별시 강동구 아리수로93길 41,127.1732613,37.566236,10.0,27.0
주은공동생활가정,서울특별시 강서구 강서로5라길 138,126.8560454,37.5300728,3.0,42.0
은하수,서울특별시 구로구 고척로52마길 21-11,126.8543894,37.5004447,4.0,11.0
왕성밀알주간보호센터,서울특별시 관악구 신림로58길 8,126.9303365,37.4821536,10.0,84.0
행복한 사람들의 집,서울특별시 강북구 삼양로173가길 22,127.0112632,37.6622302,7.0,9.0
이음주간교육센터,서울특별시 강북구 한천로129길11,127.029712,37.6373431,8.0,50.0
강남세움보호작업장,서울특별시 강남구 광평로60길22,127.106901,37.4870564,76.0,18.0
킨더윌언어심리전문센터,서울특별시 노원구 상계로23다길 13-8,127.0691598,37.6597835,,28.0
두빛나래보호작업장,서울특별시 성동구 성수일로 10,127.0527758,37.5471649,10.0,10.0
꿈친장애인주간보호센터,서울특별시 영등포구 은행로 55,126.9242524,37.5304487,,21.0
강남세움복지관,서울특별시 강남구 광평로60길 22,127.106901,37.4870564,,18.0
해피드림,서울특별시 양천구 월정로 22,126.8435127,37.5218924,4.0,30.0
선한이웃 재활운동발달센터,서울특별시 노원구 공릉로58길 112,127.0746958,37.6357271,,10.0
양천희망돌봄센터,서울특별시 양천구 가로공원로 101,126.8272502,37.5359222,10.0,46.0
주사랑 장애인단기보호센터,서울특별시 금천구 독산로 165-1,126.9042554,37.4620612,10.0,26.0
강남세움근로사업장 굿윌스토어,서울특별시 강남구 광평로60길 22,127.106901,37.4870564,,18.0
강남세움 직업훈련센터,서울특별시 강남구 광평로60길 22,127.106901,37.4870564,,18.0
사랑손직업적응훈련시설,서울특별시 동작구 사당로 90,126.9622752,37.4917216,,7.0
기쁨이꽃피는나무,서울특별시 금천구 시흥대로80길 19-11,126.9009649,37.4594456,4.0,24.0
두리하나다울,서울특별시 구로구 경인로53길 90,126.875147,37.5046472,9.0,23.0
아해하제공동생활가정,서울특별시 강남구 헌릉로569길 46-6,127.096743,37.467673,,4.0
은평구립우리장애인복지관,서울특별시 은평구 녹번로1길 13,126.9265456,37.6047646,,20.0
누보,서울특별시 중구 충무로29,126.9924292,37.5637746,,26.0
금천발달장애인주간보호센터,서울특별시 금천구 시흥대로73길 30,126.8976101,37.4569969,,24.0
강서점자도서관,서울특별시 강서구 공항대로 206,126.8302908,37.558888,,35.0
소담,서울특별시 중랑구 상봉로 69,127.093176,37.5921177,,31.0
은평장애인주간보호센터,서울특별시 은평구 진흥로 87,126.921752,37.6047932,,27.0
40플러스 금곡행복쉼터 주간보호센터,서울특별시 강서구 방화대로45길 69,126.8125801,37.5742085,,28.0
(사)한국농아인협회 수어통역센터 중앙지원본부,서울특별시 금천구 벚꽃로 234,126.8861007,37.475995,,36.0
꿈나래 아동발달센터,서울특별시 강동구 아리수로 427,127.1746016,37.5649562,,28.0
염리장애인주간보호센터,서울특별시 마포구 대흥로24길50,126.9474774,37.5546624,,9.0
알라딘,서울특별시 강남구 밤고개로24길 40-6,127.1058354,37.4722061,,12.0
스프링샤인,서울특별시 은평구 갈현로11길 30,126.9068159,37.6056774,12.0,5.0
축복의통로장애인주간보호시설,서울특별시 은평구 은평로3길 10,126.9151531,37.5997364,,30.0
성북피해장애인쉼터,서울특별시 성북구 화랑로 134,127.0463806,37.6049351,,31.0
다은보호작업장,서울특별시 은평구 통일로71길 8,126.9260642,37.613942,11.0,18.0
새론앞길,서울특별시 중랑구 신내역로111,127.1124178,37.6131395,,4.0
함께주간보호센터,서울특별시 성동구 왕십리로24나길20,127.0353475,37.5638559,,51.0
사람희망 금천장애인자립생활센터,서울특별시 금천구 독산로 70,126.9063338,37.4535372,38.0,35.0
해오름장애인자립생활센터,서울특별시 영등포구 국회대로62길 14,126.9164982,37.5267142,11.0,28.0
이음장애인자립생활센터,서울특별시 영등포구 선유로 146,126.8917848,37.5266189,40.0,23.0
선한이웃재활운동발달센터,서울특별시 노원구 공릉로58길 112,127.0746958,37.6357271,80.0,10.0
시설테스트1호,서울특별시 성동구 무학로 50,127.0316644,37.5687032,,41.0
장애인자립생활주택(가형)-강동장애인자립생활센터,서울특별시 강동구 올림픽로98가길 6-14,127.1301407,37.5495415,2.0,22.0
장애인자립생활주택(다형) 해뜨는양지,서울특별시 강동구 상암로81길 10-1,127.1680236,37.5462271,2.0,18.0
장애인자립생활주택(가형)-해뜨는양지,서울특별시 강동구 천중로9길 40,127.1272142,37.5470603,0.0,23.0
염리종합사회복지관 내 주간보호센터,서울특별시 마포구 숭문길 14,126.9456663,37.5470876,,18.0
행복이가득한집2호,서울특별시 강서구 월정로18길 20,126.8398955,37.529193,,37.0
공덕동행복주택 내 장애인주간보호센터,서울특별시 마포구 백범로31길 21,126.949975,37.5467447,,12.0
한아름,서울특별시 강동구 고덕로 295-45,127.158743,37.5576717,,4.0
민들레울,서울특별시 은평구 갈현로11길 46,126.9053828,37.6055594,8.0,2.0
다가옴,서울특별시 강동구 고덕로 106,127.1370448,37.5544897,,17.0
성동발달장애인평생교육센터,서울특별시 성동구 성수이로 144,127.0583316,37.5477245,,13.0
동작발달장애인평생교육센터,서울특별시 동작구 사당로 253-3,126.975652,37.4836316,,33.0
관악구발달장애인평생교육센터,서울특별시 관악구 신림로 158,126.9338697,37.4729277,,31.0
아이맘인지행동발달센터,서울특별시 광진구 동일로 357,127.0753924,37.5628781,,18.0
누야하우스,서울특별시 은평구 갈현로11길 30,126.9068159,37.6056774,53.0,5.0
서울시그룹홈지원센터,서울특별시 강남구 도곡로 416,127.0560217,37.4969316,100.0,42.0
꿈더하기지원센터,서울특별시 영등포구 영등포로64길 15,126.917033,37.5135433,40.0,40.0
은평발달장애인평생교육센터,서울특별시 은평구 통일로934,126.923912,37.6240118,30.0,5.0
강남장애인가족지원센터,서울특별시 강남구 밤고개로1길 10,127.1018486,37.4880163,30.0,53.0
Good Job 자립생활센터,서울특별시 강남구 테헤란로8길 36,127.031845,37.4964913,30.0,72.0
양천구발달장애인평생교육센터,서울특별시 양천구 중앙로 181,126.8557987,37.5127536,,23.0
서대문 발달장애인평생교육센터,서울특별시 서대문구 증가로4길63-17,126.9283167,37.5783382,24.0,29.0
강남세움 발달장애인 평생교육센터,서울특별시 강남구 광평로60길22,127.106901,37.4870564,,18.0
노원발달장애인평생교육센터,서울특별시 노원구 동일로250길 44-47,127.0609038,37.6828466,,0.0
서대문장애인가족지원센터,서울특별시 서대문구 세검정로 78-19,126.9490362,37.5952111,,27.0
용산구장애인가족지원센터,서울특별시 용산구 백범로 329,126.9655062,37.5386609,,34.0
종로발달장애인평생교육센터,서울특별시 종로구 종로17길 8,126.9889566,37.570684,,59.0
영등포구 발달장애인평생교육센터,서울특별시 영등포구 문래북로 105,126.8933805,37.5202849,,37.0
강남발달장애인평생교육센터,서울특별시 강남구 논현로86길 21,127.0391772,37.5003219,,86.0
도봉발달장애인 평생교육센터,서울특별시 도봉구 마들로 703,127.0463166,37.6730593,,13.0
용산구 발달장애인 평생교육센터,서울특별시 용산구 백범로329,126.9655062,37.5386609,,34.0
서울서진학교,서울특별시 강서구 양천로55길 22,126.8502318,37.5652517,,
서울도솔학교,서울특별시 도봉구 평화로15번길 9-26,127.0434002,37.6932841,,
서울나래학교,서울특별시 서초구 염곡안1길 25,127.0516193,37.4637928,,
서울새롬학교,서울특별시 관악구 보라매로 44,126.9274212,37.4931462,,
서울효정학교,서울특별시 강북구 삼양로63길 33,127.0162047,37.6271177,,
서울다원학교,서울특별시 성북구 성북로31길 5-15,126.990931,37.5941218,,
누리학교,서울특별시 동작구 상도로 53,126.9265352,37.4999932,,
연세대학교재활학교,서울특별시 서대문구 연세로 50,126.9394972,37.5646993,,
수도사랑의학교,서울특별시 종로구 사직로7길 17,126.9651808,37.5748061,,
은평대영학교,서울특별시 은평구 갈현로11길 30,126.9068159,37.6056774,,
서울동천학교,서울특별시 노원구 노원로18길 41,127.0733277,37.6444026,,
한빛맹학교,서울특별시 강북구 삼양로73가길 47,127.0156963,37.6280885,,
교남학교,서울특별시 강서구 까치산로22길 38,126.852497,37.5481283,,
서울경운학교,서울특별시 종로구 삼일대로 454,126.9877469,37.5748296,,
서울정민학교,서울특별시 노원구 공릉로58길 24,127.0731737,37.6339029,,
광성하늘빛학교,서울특별시 송파구 올림픽로 625,127.1225233,37.5376086,,
서울정인학교,서울특별시 강북구 인수봉로 119-20,127.0119678,37.6307462,,
서울정애학교,서울특별시 강남구 봉은사로81길 16,127.0542698,37.5143551,,
서울광진학교,서울특별시 광진구 강변역로 18,127.0917029,37.5373572,,
한국육영학교,서울특별시 송파구 충민로6길 15,127.1324816,37.4818132,,
한국구화학교,서울특별시 강동구 고덕로 295-59,127.1590033,37.5582671,,
주몽학교,서울특별시 강동구 상암로 369,127.1636346,37.5461957,,
성베드로학교,서울특별시 구로구 연동로 320,126.8256957,37.487497,,
서울애화학교,서울특별시 강북구 솔매로52길 31,127.0287016,37.6252351,,
서울삼성학교,서울특별시 동작구 양녕로30길 19-4,126.9459305,37.4991197,,
밀알학교,서울특별시 강남구 일원로 90,127.0823193,37.4857714,,
다니엘학교,서울특별시 서초구 헌릉로468길 21-16,127.0920332,37.4604236,,
서울정문학교,서울특별시 관악구 난향3길 31,126.9165302,37.4616926,,
서울정진학교,서울특별시 구로구 부일로9길 158,126.8219207,37.4981638,,
한국우진학교,서울특별시 마포구 월드컵북로38길 21,126.9033151,37.5715969,,
서울농학교,서울특별시 종로구 필운대로 103,126.9685805,37.5850368,,
서울맹학교,서울특별시 종로구 필운대로 97,126.9675453,37.5847885,,
